,id,image,stock_info,title,price,date,brand
0,1,https://coslovemetics.mk/wp-content/uploads/TIAM-Hyaluronic-Water-Plumping-Serum-40-ml.jpg,,Hyaluronic Water Plumping Serum 40ml,1169,2023-04-19,tiam
1,2,https://coslovemetics.mk/wp-content/uploads/TIAM-PANTHENOL-MOIST-CREAM-50%D0%9CL.jpg,,Panthenol Moist Cream 50ml,1125,2023-04-19,tiam
2,3,https://coslovemetics.mk/wp-content/uploads/Snail_Azulene-Sleeping-Mask.jpg,,Snail & Azulene Sleeping Mask 80ml,1233,2023-04-19,tiam
3,4,https://coslovemetics.mk/wp-content/uploads/AC-Fighting-PHA-12.jpg,,AC Fighting PHA 12 Purifying Liquid 80ml,839,2023-04-19,tiam
4,5,https://coslovemetics.mk/wp-content/uploads/TIAM-Pore-Minimizing-21-Cream-60ml.jpg,,Pore Minimizing 21 Cream 60ml,1152,2023-04-19,tiam
5,6,https://coslovemetics.mk/wp-content/uploads/renewal.jpg,,Snail & Azulene Low pH Cleanser 200ml,756,2023-04-19,tiam
6,7,https://coslovemetics.mk/wp-content/uploads/Vitamin-Blending-Powder.jpg,,Vitamin Blending Powder 10g,416,2023-04-19,tiam
7,8,https://coslovemetics.mk/wp-content/uploads/vitab5toner.jpg,,My Signiture Vita B5 Toner NEW 180ml,774,2023-04-19,tiam
8,9,https://coslovemetics.mk/wp-content/uploads/7I2464Ss7IKs67O4.jpg,,AC Fighting Oil-Free Aqua Cream 80ml,1152,2023-04-19,tiam
9,10,https://coslovemetics.mk/wp-content/uploads/TIAM-Centella-Blending-Powder.jpg,,Centella Blending Powder 10g,576,2023-04-19,tiam
10,11,https://coslovemetics.mk/wp-content/uploads/TIAM-AC-Fighting-AHA-BHA-PHA-Toner-180ml.jpg,,AC Fighting AHA BHA PHA Toner 180ml,801,2023-04-19,tiam
11,12,https://coslovemetics.mk/wp-content/uploads/TIAM-Vita-A-Bakuchiol-Youth-Serum-40-ml.jpg,,Vita A Bakuchiol Youth Serum 40ml,1169,2023-04-19,tiam
12,13,https://coslovemetics.mk/wp-content/uploads/TIAM-Vita-A-Anti-Wrinkle-Moisturizer-80-ml.jpg,,Vita A Anti-Wrinkle Moisturizer 80ml,1224,2023-04-19,tiam
13,14,https://coslovemetics.mk/wp-content/uploads/vitab3mist.jpg,,Vita B3 Mist Toner 200ml,1071,2023-04-19,tiam
14,15,https://coslovemetics.mk/wp-content/uploads/Pore-Minimizing-21-Serum.png,,Pore Minimizing 21 Serum 40ml,1161,2023-04-19,tiam
15,16,https://coslovemetics.mk/wp-content/uploads/TIAM-Snail-Azulene-Water-Essence-180ml.jpg,,Snail & Azulene Water Essence 180ml,837,2023-04-19,tiam
16,17,https://coslovemetics.mk/wp-content/uploads/Anti-Blemish-Body-Lotion.jpg,,Anti Blemish Body Lotion 200ml,1161,2023-04-19,tiam
17,18,https://coslovemetics.mk/wp-content/uploads/tiamvitab3source.jpg,,Vita B3 Source 40ml,981,2023-04-19,tiam
18,19,https://coslovemetics.mk/wp-content/uploads/TIAM-AC-Fighting-Spot-Rx-Cream-30gr.jpg,,AC Fighting Spot Rx Cream 30gr,945,2023-04-19,tiam
27,29,https://coslovemetics.mk/wp-content/uploads/Centella-Face-Calming-Toner.jpg,,Centella Face Calming Toner 180ml,765,2023-04-19,Tiam
