,image,stock_info,title,price,date
0,https://coslovemetics.mk/wp-content/uploads/TIAM-AC-Fighting-AHA-BHA-PHA-Toner-180ml.jpg,,TIAM AC Fighting AHA BHA PHA Toner 180ml,801,2023-04-19
1,https://coslovemetics.mk/wp-content/uploads/7I2464Ss7IKs67O4.jpg,,TIAM AC Fighting Oil-Free Aqua Cream 80ml,1152,2023-04-19
2,https://coslovemetics.mk/wp-content/uploads/AC-Fighting-PHA-12.jpg,,TIAM AC Fighting PHA 12 Purifying Liquid 80ml,839,2023-04-19
3,https://coslovemetics.mk/wp-content/uploads/TIAM-AC-Fighting-Spot-Rx-Cream-30gr.jpg,,TIAM AC Fighting Spot Rx Cream 30gr,945,2023-04-19
4,https://coslovemetics.mk/wp-content/uploads/Anti-Blemish-Body-Lotion.jpg,,TIAM Anti Blemish Body Lotion 200ml,1161,2023-04-19
5,https://coslovemetics.mk/wp-content/uploads/Blackhead-Out-Sheet.jpg,,TIAM Blackhead Out Sheet 35 туфери,611,2023-04-19
6,https://coslovemetics.mk/wp-content/uploads/TIAM-Centella-Blending-Powder.jpg,,TIAM Centella Blending Powder 10g,576,2023-04-19
7,https://coslovemetics.mk/wp-content/uploads/Centella-Face-Calming-Toner.jpg,,TIAM Centella Face Calming Toner 180ml,765,2023-04-19
8,https://coslovemetics.mk/wp-content/uploads/TIAM-Hyaluronic-Water-Plumping-Serum-40-ml.jpg,,TIAM Hyaluronic Water Plumping Serum 40ml,1169,2023-04-19
9,https://coslovemetics.mk/wp-content/uploads/vitab5toner.jpg,,TIAM My Signiture Vita B5 Toner NEW 180ml,774,2023-04-19
10,https://coslovemetics.mk/wp-content/uploads/TIAM-PANTHENOL-MOIST-CREAM-50%D0%9CL.jpg,,TIAM Panthenol Moist Cream 50ml,1125,2023-04-19
11,https://coslovemetics.mk/wp-content/uploads/TIAM-Pore-Minimizing-21-Cream-60ml.jpg,,TIAM Pore Minimizing 21 Cream 60ml,1152,2023-04-19
12,https://coslovemetics.mk/wp-content/uploads/Pore-Minimizing-21-Serum.png,,TIAM Pore Minimizing 21 Serum 40ml,1161,2023-04-19
13,https://coslovemetics.mk/wp-content/uploads/renewal.jpg,,TIAM Snail & Azulene Low pH Cleanser 200ml,756,2023-04-19
14,https://coslovemetics.mk/wp-content/uploads/Snail_Azulene-Sleeping-Mask.jpg,,TIAM Snail & Azulene Sleeping Mask 80ml,1233,2023-04-19
15,https://coslovemetics.mk/wp-content/uploads/TIAM-Snail-Azulene-Water-Essence-180ml.jpg,,TIAM Snail & Azulene Water Essence 180ml,837,2023-04-19
16,https://coslovemetics.mk/wp-content/uploads/TIAM-Vita-A-Anti-Wrinkle-Moisturizer-80-ml.jpg,,TIAM Vita A Anti-Wrinkle Moisturizer 80ml,1224,2023-04-19
17,https://coslovemetics.mk/wp-content/uploads/TIAM-Vita-A-Bakuchiol-Youth-Serum-40-ml.jpg,,TIAM Vita A Bakuchiol Youth Serum 40ml,1169,2023-04-19
18,https://coslovemetics.mk/wp-content/uploads/vitab3mist.jpg,,TIAM Vita B3 Mist Toner 200ml,1071,2023-04-19
19,https://coslovemetics.mk/wp-content/uploads/tiamvitab3source.jpg,,TIAM Vita B3 Source 40ml,981,2023-04-19
20,https://coslovemetics.mk/wp-content/uploads/Vitamin-Blending-Powder.jpg,,TIAM Vitamin Blending Powder 10g,416,2023-04-19
