image,title,price,date,brand,link
https://yeppeuda.mk/uploads/products/491/md_642a997738a20.jpg,MOISTURIZING FACE CREAM FOR KIDS - BABIES 50 ML,460,2023-04-27,nacomi,https://yeppeuda.mk/p/491/moisturizing-face-cream-for-kids-babies-50-ml
https://yeppeuda.mk/uploads/products/490/md_642a984a41118.jpg,BABY Nappy Cream 50ml,419,2023-04-27,nacomi,https://yeppeuda.mk/p/490/baby-nappy-cream-50ml
https://yeppeuda.mk/uploads/products/478/md_6411dc4cd2222.jpg,OMI facial massager cleanser brush,3990,2023-04-27,nacomi,https://yeppeuda.mk/p/478/omi-facial-massager-cleanser-brush
https://yeppeuda.mk/uploads/products/477/md_6411db2ccb9b9.jpg,Body wash and shampoo for kids and babies,540,2023-04-27,nacomi,https://yeppeuda.mk/p/477/body-wash-and-shampoo-for-kids-and-babies
https://yeppeuda.mk/uploads/products/476/md_6411d9d28831d.jpeg,Emollient cream for kids and baby,990,2023-04-27,nacomi,https://yeppeuda.mk/p/476/emollient-cream-for-kids-and-baby
https://yeppeuda.mk/uploads/products/475/md_6411d9061d6d4.jpg,Moisturizing body lotion for kids and babies,820,2023-04-27,nacomi,https://yeppeuda.mk/p/475/moisturizing-body-lotion-for-kids-and-babies
https://yeppeuda.mk/uploads/products/474/md_6411d7c2621a3.jpg,Hand cream argan oil 85ml,390,2023-04-27,nacomi,https://yeppeuda.mk/p/474/hand-cream-argan-oil-85ml
https://yeppeuda.mk/uploads/products/473/md_6411d4e39e2f4.jpg,Collagen face gel 50ml,660,2023-04-27,nacomi,https://yeppeuda.mk/p/473/collagen-face-gel-50ml
https://yeppeuda.mk/uploads/products/472/md_6411d35b6977b.jpg,Pink clay mask,820,2023-04-27,nacomi,https://yeppeuda.mk/p/472/pink-clay-mask
https://yeppeuda.mk/uploads/products/471/md_6411d0f392186.jpeg,Face and lip scrub orange 80gr,680,2023-04-27,nacomi,https://yeppeuda.mk/p/471/face-and-lip-scrub-orange-80gr
https://yeppeuda.mk/uploads/products/470/md_6411cf8ee60b1.jpg,Shea butter massage candle orange,820,2023-04-27,nacomi,https://yeppeuda.mk/p/470/shea-butter-massage-candle-orange
https://yeppeuda.mk/uploads/products/468/md_640b3626c2c60.png,Yoga Face Cream 50ml,860,2023-04-27,nacomi,https://yeppeuda.mk/p/468/yoga-face-cream-50ml
https://yeppeuda.mk/uploads/products/461/md_63eb77b1bf0fe.png,Daily moisturizing and balancing toner 100ml,690,2023-04-27,nacomi,https://yeppeuda.mk/p/461/daily-moisturizing-and-balancing-toner-100ml
https://yeppeuda.mk/uploads/products/460/md_63eb7458d8528.jpg,Pore reducing toner 100ml,690,2023-04-27,nacomi,https://yeppeuda.mk/p/460/pore-reducing-toner-100ml
https://yeppeuda.mk/uploads/products/459/md_63eb7236a6de7.jpg,"Еyelash and eyebrow serum, 2x4 ml",860,2023-04-27,nacomi,https://yeppeuda.mk/p/459/eyelash-and-eyebrow-serum-2x4-ml
https://yeppeuda.mk/uploads/products/458/md_63eb7180cc904.jpg,Body butter orange sorbet 100 ml,499,2023-04-27,nacomi,https://yeppeuda.mk/p/458/body-butter-orange-sorbet-100-ml
https://yeppeuda.mk/uploads/products/457/md_63eb70c53507a.jpg,Face and body photostable cream for baby SPF 50 50 ml,860,2023-04-27,nacomi,https://yeppeuda.mk/p/457/face-and-body-photostable-cream-for-baby-spf-50-50-ml
https://yeppeuda.mk/uploads/products/446/md_63e0b8b46f5d8.jpg,Natural Watermelon Face and Lip Scrub 80g,680,2023-04-27,nacomi,https://yeppeuda.mk/p/446/natural-watermelon-face-and-lip-scrub-80g
https://yeppeuda.mk/uploads/products/445/md_63e0b82c54ff0.jpg,Acid neutralizer spray 100 ml,480,2023-04-27,nacomi,https://yeppeuda.mk/p/445/acid-neutralizer-spray-100-ml
https://yeppeuda.mk/uploads/products/444/md_63e0b6594fcd7.jpg,Honey Face Mask 50 ml,990,2023-04-27,nacomi,https://yeppeuda.mk/p/444/honey-face-mask-50-ml
https://yeppeuda.mk/uploads/products/443/md_63e0b5add4d86.jpg,Fluffy Scrub & Wash Sweet Blueberry 180ml,509,2023-04-27,nacomi,https://yeppeuda.mk/p/443/fluffy-scrub-wash-sweet-blueberry-180ml
https://yeppeuda.mk/uploads/products/442/md_63e0b3b86a8f9.jpg,Marshmallow shower gel 300 ml,510,2023-04-27,nacomi,https://yeppeuda.mk/p/442/marshmallow-shower-gel-300-ml
https://yeppeuda.mk/uploads/products/441/md_642a9d8072a1f.jpg,Lip butter Pomegranate 15 ml,420,2023-04-27,nacomi,https://yeppeuda.mk/p/441/lip-butter-pomegranate-15-ml
https://yeppeuda.mk/uploads/products/440/md_642a9dbab0c2c.jpg,Intensively caring body butter during pregnancy 100 ml,780,2023-04-27,nacomi,https://yeppeuda.mk/p/440/intensively-caring-body-butter-during-pregnancy-100-ml
https://yeppeuda.mk/uploads/products/439/md_63e0b156b11e2.jpg,Light body butter for pregnant women 100 ml,660,2023-04-27,nacomi,https://yeppeuda.mk/p/439/light-body-butter-for-pregnant-women-100-ml
https://yeppeuda.mk/uploads/products/419/md_642a9de3ab8a2.jpg,Ceramides Face Cleansing Lotion 150ml,590,2023-04-27,nacomi,https://yeppeuda.mk/p/419/ceramides-face-cleansing-lotion-150ml
https://yeppeuda.mk/uploads/products/418/md_642a9e111ac55.jpg,Niacinamide Face Cleansing Gel 150ml,590,2023-04-27,nacomi,https://yeppeuda.mk/p/418/niacinamide-face-cleansing-gel-150ml
https://yeppeuda.mk/uploads/products/417/md_642a9e5c28212.png,Salicylic acid body cream 100ml,1099,2023-04-27,nacomi,https://yeppeuda.mk/p/417/salicylic-acid-body-cream-100ml
https://yeppeuda.mk/uploads/products/415/md_639880640f45d.jpg,Collagen face cream 50ml,660,2023-04-27,nacomi,https://yeppeuda.mk/p/415/collagen-face-cream-50ml
https://yeppeuda.mk/uploads/products/414/md_63987fb4f27ce.jpg,Light cream for acne prone skin,820,2023-04-27,nacomi,https://yeppeuda.mk/p/414/light-cream-for-acne-prone-skin
https://yeppeuda.mk/uploads/products/413/md_63987d88118ba.jpeg,Protein patch soothing face cream for atopic skin 50ml,990,2023-04-27,nacomi,https://yeppeuda.mk/p/413/protein-patch-soothing-face-cream-for-atopic-skin-50ml
https://yeppeuda.mk/uploads/products/412/md_63987c750c2c5.jpeg,Protein face and body cream 150ml,1099,2023-04-27,nacomi,https://yeppeuda.mk/p/412/protein-face-and-body-cream-150ml
https://yeppeuda.mk/uploads/products/411/md_63987ba41432d.jpeg,Retinol body cream 150ml,1099,2023-04-27,nacomi,https://yeppeuda.mk/p/411/retinol-body-cream-150ml
https://yeppeuda.mk/uploads/products/410/md_63987aa1e01fc.jpeg,Multi level hydratation face crеаm 50ml,970,2023-04-27,nacomi,https://yeppeuda.mk/p/410/multi-level-hydratation-face-cream-50ml
https://yeppeuda.mk/uploads/products/409/md_63987964b500c.jpg,Spot treatment cream 30ml,720,2023-04-27,nacomi,https://yeppeuda.mk/p/409/spot-treatment-cream-30ml
https://yeppeuda.mk/uploads/products/408/md_639878579e04e.jpg,Purifying face toner 100ml,690,2023-04-27,nacomi,https://yeppeuda.mk/p/408/purifying-face-toner-100ml
https://yeppeuda.mk/uploads/products/407/md_6398779d4fe61.jpg,Anti acne face toner 100ml,690,2023-04-27,nacomi,https://yeppeuda.mk/p/407/anti-acne-face-toner-100ml
https://yeppeuda.mk/uploads/products/406/md_642a9f29e0c30.jpg,Brightening face toner 100ml,690,2023-04-27,nacomi,https://yeppeuda.mk/p/406/brightening-face-toner-100ml
https://yeppeuda.mk/uploads/products/405/md_639875525f2d8.jpg,Milky face toner 100ml,690,2023-04-27,nacomi,https://yeppeuda.mk/p/405/milky-face-toner-100ml
https://yeppeuda.mk/uploads/products/397/md_637d68b3b529d.jpg,Rose Hip Oil 50ml,800,2023-04-27,nacomi,https://yeppeuda.mk/p/397/rose-hip-oil-50ml
https://yeppeuda.mk/uploads/products/396/md_63318fe7adba6.jpg,Argan oil body lotion 150ml,390,2023-04-27,nacomi,https://yeppeuda.mk/p/396/argan-oil-body-lotion-150ml
https://yeppeuda.mk/uploads/products/395/md_63318d127fa0d.jpg,Anti cellulite body lotion 150ml,360,2023-04-27,nacomi,https://yeppeuda.mk/p/395/anti-cellulite-body-lotion-150ml
https://yeppeuda.mk/uploads/products/394/md_633189e144f44.jpg,Regenerating after sun body butter 150ml,800,2023-04-27,nacomi,https://yeppeuda.mk/p/394/regenerating-after-sun-body-butter-150ml
https://yeppeuda.mk/uploads/products/393/md_642a9f708ccc2.jpg,Body Butter - Summer in Greece 100ml,430,2023-04-27,nacomi,https://yeppeuda.mk/p/393/body-butter-summer-in-greece-100ml
https://yeppeuda.mk/uploads/products/392/md_62fe173160989.jpg,CREAM SPF 50 UV HOLIDAY 50ML,780,2023-04-27,nacomi,https://yeppeuda.mk/p/392/cream-spf-50-uv-holiday-50ml
https://yeppeuda.mk/uploads/products/391/md_62fe15af0931d.jpg,CREAM SPF 50 UV CITY 50ML,740,2023-04-27,nacomi,https://yeppeuda.mk/p/391/cream-spf-50-uv-city-50ml
https://yeppeuda.mk/uploads/products/390/md_62fe13b4ef9d0.jpg,Moisturizing face cream with a filter - SPF 50 PA ++++ - 50 ml,690,2023-04-27,nacomi,https://yeppeuda.mk/p/390/moisturizing-face-cream-with-a-filter-spf-50-pa-50-ml
https://yeppeuda.mk/uploads/products/389/md_62fe0f4f72eb8.jpeg,Skin Color Correcting Serum 30ml,1160,2023-04-27,nacomi,https://yeppeuda.mk/p/389/skin-color-correcting-serum-30ml
https://yeppeuda.mk/uploads/products/388/md_62fe0d2fc4963.jpg,TELOMERE THERAPY WITH PEPTIDES 30 ML,990,2023-04-27,nacomi,https://yeppeuda.mk/p/388/telomere-therapy-with-peptides-30-ml
https://yeppeuda.mk/uploads/products/345/md_625036659dad7.jpg,Nacomi Next Level - Niacinamide 20% - Point serum for hyperpigmentation with intense action - 30 ml,999,2023-04-27,nacomi,https://yeppeuda.mk/p/345/nacomi-next-level-niacinamide-20-point-serum-for-hyperpigmentation-with-intense-action-30-ml
https://yeppeuda.mk/uploads/products/344/md_625035c253a54.jpg,Nacomi Next Level Serum Azeloglycine 5% 30ml,790,2023-04-27,nacomi,https://yeppeuda.mk/p/344/nacomi-next-level-serum-azeloglycine-5-30ml
https://yeppeuda.mk/uploads/products/343/md_625034f19d644.jpg,Nacomi Next Level - Retinol 0.35% + Bakuchiol 1% - Anti-aging serum,820,2023-04-27,nacomi,https://yeppeuda.mk/p/343/nacomi-next-level-retinol-035-bakuchiol-1-anti-aging-serum
https://yeppeuda.mk/uploads/products/342/md_62503459086c2.jpg,Nacomi Next Level - Trehalose 10% - Multitasking face serum - 30 ml,820,2023-04-27,nacomi,https://yeppeuda.mk/p/342/nacomi-next-level-trehalose-10-multitasking-face-serum-30-ml
https://yeppeuda.mk/uploads/products/341/md_6250336912672.jpg,Nacomi Next Level - Serum with 5% shikimic acid - 30 ml,660,2023-04-27,nacomi,https://yeppeuda.mk/p/341/nacomi-next-level-serum-with-5-shikimic-acid-30-ml
https://yeppeuda.mk/uploads/products/340/md_642a9fa61e65e.jpg,Nacomi Next Level Mandelic Acid Serum 30%,820,2023-04-27,nacomi,https://yeppeuda.mk/p/340/nacomi-next-level-mandelic-acid-serum-30
https://yeppeuda.mk/uploads/products/339/md_6250316d982c8.jpg,Nacomi Next Level Acid exfoliator for Sensitive Skin 30 ml,740,2023-04-27,nacomi,https://yeppeuda.mk/p/339/nacomi-next-level-acid-exfoliator-for-sensitive-skin-30-ml
https://yeppeuda.mk/uploads/products/338/md_625030cf8b093.jpeg,"Nacomi Next Level Anti-wrinkle eye serum, Retinol 0.15% + Bakuchiol 1%, 15 ml",740,2023-04-27,nacomi,https://yeppeuda.mk/p/338/nacomi-next-level-anti-wrinkle-eye-serum-retinol-015-bakuchiol-1-15-ml
https://yeppeuda.mk/uploads/products/337/md_642a9fc819d93.jpg,Nacomi Next Level Eye lifting serum 15ml,660,2023-04-27,nacomi,https://yeppeuda.mk/p/337/nacomi-next-level-eye-lifting-serum-15ml
https://yeppeuda.mk/uploads/products/336/md_642a9fe638513.jpg,Nacomi Next Level - Caffeine 2% Eye-brightening Serum - 15 ml,660,2023-04-27,nacomi,https://yeppeuda.mk/p/336/nacomi-next-level-caffeine-2-eye-brightening-serum-15-ml
https://yeppeuda.mk/uploads/products/286/md_61b2b79e1e6fe.jpg,Avocado Oil Hair Mask with keratin 200мл,830,2023-04-27,nacomi,https://yeppeuda.mk/p/286/avocado-oil-hair-mask-with-keratin-200ml
https://yeppeuda.mk/uploads/products/285/md_61b2b6f910ebf.jpeg,Avocado Oil Serum for dry ends 40мл,700,2023-04-27,nacomi,https://yeppeuda.mk/p/285/avocado-oil-serum-for-dry-ends-40ml
https://yeppeuda.mk/uploads/products/284/md_61b2b6997f87c.jpeg,Avocado Oil Conditioner with keratin 150мл,525,2023-04-27,nacomi,https://yeppeuda.mk/p/284/avocado-oil-conditioner-with-keratin-150ml
https://yeppeuda.mk/uploads/products/282/md_61b2b5cb30871.jpg,Almond Oil Hair Mask with hyaluronic acid and rice protein 200мл,830,2023-04-27,nacomi,https://yeppeuda.mk/p/282/almond-oil-hair-mask-with-hyaluronic-acid-and-rice-protein-200ml
https://yeppeuda.mk/uploads/products/281/md_61b2b5725effa.jpeg,Almond Oil Serum for dry ends 40мл,700,2023-04-27,nacomi,https://yeppeuda.mk/p/281/almond-oil-serum-for-dry-ends-40ml
https://yeppeuda.mk/uploads/products/277/md_61b2b3a334ce8.jpg,Sweet Almond Oil with pipette 50мл,320,2023-04-27,nacomi,https://yeppeuda.mk/p/277/sweet-almond-oil-with-pipette-50ml
https://yeppeuda.mk/uploads/products/276/md_61b2b322cd98a.jpeg,Anti - acne face serum 40мл,810,2023-04-27,nacomi,https://yeppeuda.mk/p/276/anti-acne-face-serum-40ml
https://yeppeuda.mk/uploads/products/275/md_61b2b2a5daa35.jpg,Smooth Cozy Soufflé moisturizing & soothing 50мл,980,2023-04-27,nacomi,https://yeppeuda.mk/p/275/smooth-cozy-souffle-moisturizing-soothing-50ml
https://yeppeuda.mk/uploads/products/274/md_61b2b23337c74.jpeg,Calm Herbal Soufflé pore-minimizing and acne-fighting cream 50мл,980,2023-04-27,nacomi,https://yeppeuda.mk/p/274/calm-herbal-souffle-pore-minimizing-and-acne-fighting-cream-50ml
https://yeppeuda.mk/uploads/products/273/md_61b2b1ceb72fc.jpeg,Energetic Tropical Soufflé brightening and nourishing face cream 50мл,980,2023-04-27,nacomi,https://yeppeuda.mk/p/273/energetic-tropical-souffle-brightening-and-nourishing-face-cream-50ml
https://yeppeuda.mk/uploads/products/272/md_61b2b1666f7d1.jpeg,Antioxidant Marine Soufflé rejuvenating & anti-aging face cream 50ml,980,2023-04-27,nacomi,https://yeppeuda.mk/p/272/antioxidant-marine-souffle-rejuvenating-anti-aging-face-cream-50ml
https://yeppeuda.mk/uploads/products/271/md_61b2b0eaa53e5.jpg,Aloe Face Gel CREAM 50мл,610,2023-04-27,nacomi,https://yeppeuda.mk/p/271/aloe-face-gel-cream-50ml
https://yeppeuda.mk/uploads/products/270/md_61b2b0715292b.jpeg,Hyaluronic Face Gel CREAM 50мл,610,2023-04-27,nacomi,https://yeppeuda.mk/p/270/hyaluronic-face-gel-cream-50ml
https://yeppeuda.mk/uploads/products/269/md_61b2b006819fc.jpg,Aloe Face Gel SERUM 50мл,610,2023-04-27,nacomi,https://yeppeuda.mk/p/269/aloe-face-gel-serum-50ml
https://yeppeuda.mk/uploads/products/267/md_61b2aef17a1c0.jpg,Magic Dust - Face Cleansing & Brightening Powder 20gr,499,2023-04-27,nacomi,https://yeppeuda.mk/p/267/magic-dust-face-cleansing-brightening-powder-20gr
https://yeppeuda.mk/uploads/products/266/md_61b2ad7c694dd.jpg,Magic Dust - Face Cleansing & Acne Fighting Powder 20gr,499,2023-04-27,nacomi,https://yeppeuda.mk/p/266/magic-dust-face-cleansing-acne-fighting-powder-20gr
https://yeppeuda.mk/uploads/products/265/md_61b2ad119a00e.jpg,Magic Dust - Face Cleansing & Detoxifying Powder 20gr,499,2023-04-27,nacomi,https://yeppeuda.mk/p/265/magic-dust-face-cleansing-detoxifying-powder-20gr
https://yeppeuda.mk/uploads/products/264/md_61b2ac90ddb94.jpg,Cleansing Oil - OCM makeup remover for normal and dry skin 150ml,820,2023-04-27,nacomi,https://yeppeuda.mk/p/264/cleansing-oil-ocm-makeup-remover-for-normal-and-dry-skin-150ml
https://yeppeuda.mk/uploads/products/263/md_61b2ac1b3b2bf.jpg,Cleansing Oil - OCM makeup remover for normal and combination skin 150ml,820,2023-04-27,nacomi,https://yeppeuda.mk/p/263/cleansing-oil-ocm-makeup-remover-for-normal-and-combination-skin-150ml
https://yeppeuda.mk/uploads/products/261/md_61b2ab1fb749a.jpg,Face Cleansing Foam avocado 150ml,665,2023-04-27,nacomi,https://yeppeuda.mk/p/261/face-cleansing-foam-avocado-150ml
https://yeppeuda.mk/uploads/products/259/md_61b2aa5fb6cfc.jpeg,Body scrub - Sweet honey wafers 200gr,670,2023-04-27,nacomi,https://yeppeuda.mk/p/259/body-scrub-sweet-honey-wafers-200gr
https://yeppeuda.mk/uploads/products/258/md_61b2a9e15e69b.jpg,Body scrub - Sunny orange sorbet 200gr,670,2023-04-27,nacomi,https://yeppeuda.mk/p/258/body-scrub-sunny-orange-sorbet-200gr
https://yeppeuda.mk/uploads/products/257/md_61b2a97d8ca16.jpg,Rainbow body mousse 200ml,730,2023-04-27,nacomi,https://yeppeuda.mk/p/257/rainbow-body-mousse-200ml
https://yeppeuda.mk/uploads/products/256/md_61b2a894e628c.jpg,Body Mousse - Sweet raspberry cup 180ml,730,2023-04-27,nacomi,https://yeppeuda.mk/p/256/body-mousse-sweet-raspberry-cup-180ml
https://yeppeuda.mk/uploads/products/255/md_61b2a80a89564.jpg,Body Mousse - Blueberry Cheesecake 180ml,730,2023-04-27,nacomi,https://yeppeuda.mk/p/255/body-mousse-blueberry-cheesecake-180ml
https://yeppeuda.mk/uploads/products/254/md_61b2a78c5d1fb.jpg,Smooth Body Butter - Sweet honey wafers 100 gr,560,2023-04-27,nacomi,https://yeppeuda.mk/p/254/smooth-body-butter-sweet-honey-wafers-100-gr
https://yeppeuda.mk/uploads/products/253/md_61b2a6ebd466d.jpg,Smooth Body Butter - Warming Moroccan Spices 100 gr,560,2023-04-27,nacomi,https://yeppeuda.mk/p/253/smooth-body-butter-warming-moroccan-spices-100-gr
https://yeppeuda.mk/uploads/products/252/md_61b2a67408245.jpeg,Crème Brulee Body Butter Vanilla 100ml,430,2023-04-27,nacomi,https://yeppeuda.mk/p/252/creme-brulee-body-butter-vanilla-100ml
https://yeppeuda.mk/uploads/products/211/md_60fa0d2a4b344.jpg,White Clay / Kaolin 100gr,390,2023-04-27,nacomi,https://yeppeuda.mk/p/211/white-clay-kaolin-100gr
https://yeppeuda.mk/uploads/products/210/md_60fa0abc43021.jpg,MASK AGAINST BLACKHEADS 50ML,860,2023-04-27,nacomi,https://yeppeuda.mk/p/210/mask-against-blackheads-50ml
https://yeppeuda.mk/uploads/products/208/md_60fa094f1d8ca.jpg,Brightening face mask with vitamin C,860,2023-04-27,nacomi,https://yeppeuda.mk/p/208/brightening-face-mask-with-vitamin-c
https://yeppeuda.mk/uploads/products/207/md_60fa077f0cf12.jpg,GLYCOLIC ACID SERUM 10% 30 ML,399,2023-04-27,nacomi,https://yeppeuda.mk/p/207/glycolic-acid-serum-10-30-ml
https://yeppeuda.mk/uploads/products/206/md_60fa06831322f.jpg,HYALURONIC ACID 10% 30 ML,740,2023-04-27,nacomi,https://yeppeuda.mk/p/206/hyaluronic-acid-10-30-ml
https://yeppeuda.mk/uploads/products/205/md_60fa060646e4c.jpg,No more pores 2% salicylic acid 30ml,430,2023-04-27,nacomi,https://yeppeuda.mk/p/205/no-more-pores-2-salicylic-acid-30ml
https://yeppeuda.mk/uploads/products/204/md_60fa05836d055.jpg,ACID PEELING AHA PHA 30% 30ML,820,2023-04-27,nacomi,https://yeppeuda.mk/p/204/acid-peeling-aha-pha-30-30ml
https://yeppeuda.mk/uploads/products/203/md_60fa04286f04f.jpg,BAKUCHIOL 2% 30 ML,1000,2023-04-27,nacomi,https://yeppeuda.mk/p/203/bakuchiol-2-30-ml
https://yeppeuda.mk/uploads/products/202/md_60fa03a42e736.jpg,Retinol 1% 30ml,820,2023-04-27,nacomi,https://yeppeuda.mk/p/202/retinol-1-30ml
https://yeppeuda.mk/uploads/products/201/md_60fa03359650f.jpg,Retinol 0.5% 30ml,630,2023-04-27,nacomi,https://yeppeuda.mk/p/201/retinol-05-30ml
https://yeppeuda.mk/uploads/products/200/md_60fa02c8df46e.jpg,Retinol 0.25% 30ml,525,2023-04-27,nacomi,https://yeppeuda.mk/p/200/retinol-025-30ml
https://yeppeuda.mk/uploads/products/199/md_60fa021d89f17.jpg,Stunning Skin Mandelic Acid+PHA 10%,740,2023-04-27,nacomi,https://yeppeuda.mk/p/199/stunning-skin-mandelic-acidpha-10
https://yeppeuda.mk/uploads/products/198/md_6299d845523e8.jpg,Fix It Up Niacinamide 15% 30мл,450,2023-04-27,nacomi,https://yeppeuda.mk/p/198/fix-it-up-niacinamide-15-30ml
https://yeppeuda.mk/uploads/products/197/md_60fa00e89b40d.jpg,PEPTIDES 10% 30 ML,860,2023-04-27,nacomi,https://yeppeuda.mk/p/197/peptides-10-30-ml
https://yeppeuda.mk/uploads/products/196/md_60fa00555b892.jpg,CERAMIDES 5% 30ML,972,2023-04-27,nacomi,https://yeppeuda.mk/p/196/ceramides-5-30ml
https://yeppeuda.mk/uploads/products/195/md_60f9ffc47f9fd.jpg,VITAMIN C 15% 30ML,582,2023-04-27,nacomi,https://yeppeuda.mk/p/195/vitamin-c-15-30ml
https://yeppeuda.mk/uploads/products/194/md_60f9fee071959.jpg,Ghassoul Clay 94gr,360,2023-04-27,nacomi,https://yeppeuda.mk/p/194/ghassoul-clay-94gr
https://yeppeuda.mk/uploads/products/193/md_60f9fe58c0d0c.jpg,Red Clay 100GR,390,2023-04-27,nacomi,https://yeppeuda.mk/p/193/red-clay-100gr
https://yeppeuda.mk/uploads/products/192/md_60f9fdc04cb5b.jpg,Green Clay 65GR,360,2023-04-27,nacomi,https://yeppeuda.mk/p/192/green-clay-65gr
https://yeppeuda.mk/uploads/products/491/md_642a997738a20.jpg,MOISTURIZING FACE CREAM FOR KIDS - BABIES 50 ML,460,2023-04-27,nacomi baby,https://yeppeuda.mk/p/491/moisturizing-face-cream-for-kids-babies-50-ml
https://yeppeuda.mk/uploads/products/490/md_642a984a41118.jpg,BABY Nappy Cream 50ml,419,2023-04-27,nacomi baby,https://yeppeuda.mk/p/490/baby-nappy-cream-50ml
https://yeppeuda.mk/uploads/products/477/md_6411db2ccb9b9.jpg,Body wash and shampoo for kids and babies,540,2023-04-27,nacomi baby,https://yeppeuda.mk/p/477/body-wash-and-shampoo-for-kids-and-babies
https://yeppeuda.mk/uploads/products/476/md_6411d9d28831d.jpeg,Emollient cream for kids and baby,990,2023-04-27,nacomi baby,https://yeppeuda.mk/p/476/emollient-cream-for-kids-and-baby
https://yeppeuda.mk/uploads/products/475/md_6411d9061d6d4.jpg,Moisturizing body lotion for kids and babies,820,2023-04-27,nacomi baby,https://yeppeuda.mk/p/475/moisturizing-body-lotion-for-kids-and-babies
https://yeppeuda.mk/uploads/products/457/md_63eb70c53507a.jpg,Face and body photostable cream for baby SPF 50 50 ml,860,2023-04-27,nacomi baby,https://yeppeuda.mk/p/457/face-and-body-photostable-cream-for-baby-spf-50-50-ml
https://yeppeuda.mk/uploads/products/469/md_6411cc7163620.jpg,Cotton hair towel,820,2023-04-27,trust my sister,https://yeppeuda.mk/p/469/cotton-hair-towel
https://yeppeuda.mk/uploads/products/416/md_639881285f3c8.jpg,Hair Gel Base 100ml,660,2023-04-27,trust my sister,https://yeppeuda.mk/p/416/hair-gel-base-100ml
https://yeppeuda.mk/uploads/products/387/md_62ea3c127d2b9.jpeg,Curl Booster 150ml,740,2023-04-27,trust my sister,https://yeppeuda.mk/p/387/curl-booster-150ml
https://yeppeuda.mk/uploads/products/386/md_62ea3b93a7631.jpeg,Curl activator cream 150ml,740,2023-04-27,trust my sister,https://yeppeuda.mk/p/386/curl-activator-cream-150ml
https://yeppeuda.mk/uploads/products/385/md_62ea3b29a6d1a.jpg,Hot oil treatment for high porosity hair 100ml,570,2023-04-27,trust my sister,https://yeppeuda.mk/p/385/hot-oil-treatment-for-high-porosity-hair-100ml
https://yeppeuda.mk/uploads/products/384/md_62ea3a9cd9f60.jpg,Hot oil treatment for medium porosity hair 100ml,570,2023-04-27,trust my sister,https://yeppeuda.mk/p/384/hot-oil-treatment-for-medium-porosity-hair-100ml
https://yeppeuda.mk/uploads/products/383/md_62ea3a21981ff.jpeg,Hot oil treatment for low-porosity hair 100ml,570,2023-04-27,trust my sister,https://yeppeuda.mk/p/383/hot-oil-treatment-for-low-porosity-hair-100ml
https://yeppeuda.mk/uploads/products/382/md_62ea39238edb0.jpg,Scalp Serum 100ml,620,2023-04-27,trust my sister,https://yeppeuda.mk/p/382/scalp-serum-100ml
https://yeppeuda.mk/uploads/products/381/md_62ea38a7d33d7.jpg,Serum for high porosity hair 40ml,590,2023-04-27,trust my sister,https://yeppeuda.mk/p/381/serum-for-high-porosity-hair-40ml
https://yeppeuda.mk/uploads/products/379/md_62ea37968dedc.jpeg,Serum for low porosity hair 40мл,590,2023-04-27,trust my sister,https://yeppeuda.mk/p/379/serum-for-low-porosity-hair-40ml
https://yeppeuda.mk/uploads/products/378/md_62ea36fa7d86c.jpeg,Mousse shampoo for high porosity hair 200ml,690,2023-04-27,trust my sister,https://yeppeuda.mk/p/378/mousse-shampoo-for-high-porosity-hair-200ml
https://yeppeuda.mk/uploads/products/377/md_62ea35f2e786a.jpeg,Mousse shampoo for medium porosity hair 200 ml,690,2023-04-27,trust my sister,https://yeppeuda.mk/p/377/mousse-shampoo-for-medium-porosity-hair-200-ml
https://yeppeuda.mk/uploads/products/376/md_62ea35726c4d5.jpeg,Mousse shampoo for low porosity hair 200 ml,690,2023-04-27,trust my sister,https://yeppeuda.mk/p/376/mousse-shampoo-for-low-porosity-hair-200-ml
https://yeppeuda.mk/uploads/products/375/md_62ea34cbc07d1.jpeg,Protein mask for high porosity hair 200 ml,840,2023-04-27,trust my sister,https://yeppeuda.mk/p/375/protein-mask-for-high-porosity-hair-200-ml
https://yeppeuda.mk/uploads/products/374/md_62ea3462c583f.jpeg,Protein mask for medium porosity hair 200 ml,840,2023-04-27,trust my sister,https://yeppeuda.mk/p/374/protein-mask-for-medium-porosity-hair-200-ml
https://yeppeuda.mk/uploads/products/373/md_62ea33c03af3b.jpeg,Protein mask for low porosity hair 200 ml,840,2023-04-27,trust my sister,https://yeppeuda.mk/p/373/protein-mask-for-low-porosity-hair-200-ml
https://yeppeuda.mk/uploads/products/372/md_62ea32a1c9144.jpeg,Universal humectant mask 200 ml,840,2023-04-27,trust my sister,https://yeppeuda.mk/p/372/universal-humectant-mask-200-ml
https://yeppeuda.mk/uploads/products/371/md_62ea31f5a77b5.jpeg,Emollient mask for high porosity hair 200 ml,840,2023-04-27,trust my sister,https://yeppeuda.mk/p/371/emollient-mask-for-high-porosity-hair-200-ml
https://yeppeuda.mk/uploads/products/370/md_62ea30e2eb446.jpeg,Emollient mask for medium porosity hair 200 ml,840,2023-04-27,trust my sister,https://yeppeuda.mk/p/370/emollient-mask-for-medium-porosity-hair-200-ml
https://yeppeuda.mk/uploads/products/369/md_62ea2fdc1aae8.jpeg,Emollient mask for low porosity hair 200 ml,840,2023-04-27,trust my sister,https://yeppeuda.mk/p/369/emollient-mask-for-low-porosity-hair-200-ml
https://yeppeuda.mk/uploads/products/488/md_642a9582033b3.jpg,INTIMATE CLEANSING FOAM 150ML FOR MOM,680,2023-04-27,mom & who,https://yeppeuda.mk/p/488/intimate-cleansing-foam-150ml-for-mom
https://yeppeuda.mk/uploads/products/487/md_642a9466dc07c.jpg,MILD WASHING EMULSION 200ML FOR MOM,620,2023-04-27,mom & who,https://yeppeuda.mk/p/487/mild-washing-emulsion-200ml-for-mom
https://yeppeuda.mk/uploads/products/486/md_642a935a694f2.jpg,BUST FIRMING SERUM 100ML FOR MOM,740,2023-04-27,mom & who,https://yeppeuda.mk/p/486/bust-firming-serum-100ml-for-mom
https://yeppeuda.mk/uploads/products/485/md_642a91db38f16.jpg,MOISTURIZING MOUSSE FOR TUMMY SKIN 100ML FOR MOM,590,2023-04-27,mom & who,https://yeppeuda.mk/p/485/moisturizing-mousse-for-tummy-skin-100ml-for-mom
https://yeppeuda.mk/uploads/products/484/md_642a90fbc9349.jpg,FIRMING BODY LOTION 150ML FOR MOM,590,2023-04-27,mom & who,https://yeppeuda.mk/p/484/firming-body-lotion-150ml-for-mom
https://yeppeuda.mk/uploads/products/483/md_642a8ffd64ded.jpg,STRETCH MARK SERUM 100ML FOR MOM,870,2023-04-27,mom & who,https://yeppeuda.mk/p/483/stretch-mark-serum-100ml-for-mom
https://yeppeuda.mk/uploads/products/482/md_642a8f63664c5.jpg,NORMALIZING AND MOISTURIZING FACE CREAM 50ML FOR MOM,760,2023-04-27,mom & who,https://yeppeuda.mk/p/482/normalizing-and-moisturizing-face-cream-50ml-for-mom
https://yeppeuda.mk/uploads/products/481/md_642a8b52cd231.jpg,MOISTURIZING SHAMPOO TO PREVENT TANGLING OF HAIR 250ML FOR KIDS,760,2023-04-27,mom & who,https://yeppeuda.mk/p/481/moisturizing-shampoo-to-prevent-tangling-of-hair-250ml-for-kids
https://yeppeuda.mk/uploads/products/480/md_642a89b3cfebd.jpg,PROBIOTIC MOISTURIZING - SOOTHING SHOWER GEL 250ML FOR KIDS,770,2023-04-27,mom & who,https://yeppeuda.mk/p/480/probiotic-moisturizing-soothing-shower-gel-250ml-for-kids
https://yeppeuda.mk/uploads/products/479/md_642a7dfdf0c57.png,PRE AND PROBIOTIC FACE WASH EMULSION 150ML FOR KIDS,680,2023-04-27,mom & who,https://yeppeuda.mk/p/479/pre-and-probiotic-face-wash-emulsion-150ml-for-kids
https://yeppeuda.mk/uploads/products/404/md_637e023f7ea92.jpg,Daily Sun Care Cream 50ml,1160,2023-04-27,tiam,https://yeppeuda.mk/p/404/daily-sun-care-cream-50ml
https://yeppeuda.mk/uploads/products/403/md_637d6720c3002.jpg,Vita A Bakuchiol Youth Serum 40ml,1190,2023-04-27,tiam,https://yeppeuda.mk/p/403/vita-a-bakuchiol-youth-serum-40ml
https://yeppeuda.mk/uploads/products/402/md_6363aacd6c802.jpg,Tiam Vita A Bakuchiol Firming Eye Cream 30ml,1190,2023-04-27,tiam,https://yeppeuda.mk/p/402/tiam-vita-a-bakuchiol-firming-eye-cream-30ml
https://yeppeuda.mk/uploads/products/365/md_62d6796f606e4.jpg,My signature C cream,1360,2023-04-27,tiam,https://yeppeuda.mk/p/365/my-signature-c-cream
https://yeppeuda.mk/uploads/products/332/md_621519542797d.jpg,TIA'M - Hyaluronic Water Plumping Serum,1060,2023-04-27,tiam,https://yeppeuda.mk/p/332/tiam-hyaluronic-water-plumping-serum
https://yeppeuda.mk/uploads/products/289/md_61b54b3208a02.jpg,TIA'M - My Signature Vita Red Mask 1,180,2023-04-27,tiam,https://yeppeuda.mk/p/289/tiam-my-signature-vita-red-mask-1
https://yeppeuda.mk/uploads/products/288/md_628758881b502.jpg,TIA'M - Vita A Anti-Wrinkle Moisturizer 80ml,1360,2023-04-27,tiam,https://yeppeuda.mk/p/288/tiam-vita-a-anti-wrinkle-moisturizer-80ml
https://yeppeuda.mk/uploads/products/287/md_62e23dcba0388.jpg,TIA'M - Panthenol Moist Cream 50мl,1260,2023-04-27,tiam,https://yeppeuda.mk/p/287/tiam-panthenol-moist-cream-50ml
https://yeppeuda.mk/uploads/products/250/md_61adb830c9c01.png,SNOWFLAKE BUNDLE,1930,2023-04-27,tiam,https://yeppeuda.mk/p/250/snowflake-bundle
https://yeppeuda.mk/uploads/products/246/md_6184fe9950c30.jpg,TIA'M - Vita B3 Mist Toner 200ml,1260,2023-04-27,tiam,https://yeppeuda.mk/p/246/tiam-vita-b3-mist-toner-200ml
https://yeppeuda.mk/uploads/products/243/md_6167bff84c000.jpg,Pore Minimizing 21 Serum 40ml,1260,2023-04-27,tiam,https://yeppeuda.mk/p/243/pore-minimizing-21-serum-40ml
https://yeppeuda.mk/uploads/products/189/md_62de8632de0b9.jpeg,Snail & Azulene Sleeping Mask,1360,2023-04-27,tiam,https://yeppeuda.mk/p/189/snail-azulene-sleeping-mask
https://yeppeuda.mk/uploads/products/171/md_60d7b4140490d.jpeg,TIA'M - AC Fighting PHA 12 Purifying Liquid,1360,2023-04-27,tiam,https://yeppeuda.mk/p/171/tiam-ac-fighting-pha-12-purifying-liquid
https://yeppeuda.mk/uploads/products/145/md_63860869e83ec.jpg,Pore Minimizing 21 Cream,1280,2023-04-27,tiam,https://yeppeuda.mk/p/145/pore-minimizing-21-cream
https://yeppeuda.mk/uploads/products/144/md_608bd3d4c1170.jpg,Berry Very Soft Peeling Gel 120ml,1220,2023-04-27,tiam,https://yeppeuda.mk/p/144/berry-very-soft-peeling-gel-120ml
https://yeppeuda.mk/uploads/products/143/md_608bd1722884e.jpg,My Signature C Source 30ml,1490,2023-04-27,tiam,https://yeppeuda.mk/p/143/my-signature-c-source-30ml
https://yeppeuda.mk/uploads/products/142/md_63174b1565090.jpg,Snail & Azulene Low pH Cleanser,820,2023-04-27,tiam,https://yeppeuda.mk/p/142/snail-azulene-low-ph-cleanser
https://yeppeuda.mk/uploads/products/141/md_62de85b19d1f1.jpg,Snail & Azulene Water Essence 180ml,920,2023-04-27,tiam,https://yeppeuda.mk/p/141/snail-azulene-water-essence-180ml
https://yeppeuda.mk/uploads/products/130/md_606dd6b278bed.jpg,Vitamine Blending Powder,690,2023-04-27,tiam,https://yeppeuda.mk/p/130/vitamine-blending-powder
https://yeppeuda.mk/uploads/products/129/md_642aa00499029.jpg,TIAM MY SIGNATURE VITA B5 TONER,840,2023-04-27,tiam,https://yeppeuda.mk/p/129/tiam-my-signature-vita-b5-toner
https://yeppeuda.mk/uploads/products/128/md_606dd4430bd71.jpg,TIA'M - Anti Blemish Body Lotion 200ml,1280,2023-04-27,tiam,https://yeppeuda.mk/p/128/tiam-anti-blemish-body-lotion-200ml
https://yeppeuda.mk/uploads/products/127/md_62de900214270.jpg,AC Fighting Oil-Free Aqua Cream 80мл,1260,2023-04-27,tiam,https://yeppeuda.mk/p/127/ac-fighting-oil-free-aqua-cream-80ml
https://yeppeuda.mk/uploads/products/111/md_6059f22dee07e.jpg,Arbutin Blending Powder,620,2023-04-27,tiam,https://yeppeuda.mk/p/111/arbutin-blending-powder
https://yeppeuda.mk/uploads/products/85/md_62e1353406f2f.jpg,Vita B3 Source 40ml,1060,2023-04-27,tiam,https://yeppeuda.mk/p/85/vita-b3-source-40ml
https://yeppeuda.mk/uploads/products/84/md_601b37ed4b109.jpg,TIAM AC Fighting Spot Rx Cream 30gr,1020,2023-04-27,tiam,https://yeppeuda.mk/p/84/tiam-ac-fighting-spot-rx-cream-30gr
https://yeppeuda.mk/uploads/products/82/md_601b36c280cfe.jpg,Centella Blending Powder,620,2023-04-27,tiam,https://yeppeuda.mk/p/82/centella-blending-powder
https://yeppeuda.mk/uploads/products/80/md_628b598b17355.jpg,AC Fighting AHA BHA PHA Toner,890,2023-04-27,tiam,https://yeppeuda.mk/p/80/ac-fighting-aha-bha-pha-toner
https://yeppeuda.mk/uploads/products/433/md_63eceb2751b80.jpg,CICAPAIR™ TIGER GRASS COLOUR CORRECTING TREATMENT 50ml,2590,2023-04-27,dr. jart,https://yeppeuda.mk/p/433/cicapair-tiger-grass-colour-correcting-treatment-50ml
https://yeppeuda.mk/uploads/products/215/md_611bf62fb9286.jpg,Dr.Jart Every Sun Day Tone-up Sun Fluid SPF 50+/PA ++++ 30ml,1160,2023-04-27,dr. jart,https://yeppeuda.mk/p/215/drjart-every-sun-day-tone-up-sun-fluid-spf-50pa-30ml
https://yeppeuda.mk/uploads/products/168/md_60d7a18f2272e.jpg,Dr. Jart+ - Cicapair Calming Gel Cream 80ml,2280,2023-04-27,dr. jart,https://yeppeuda.mk/p/168/dr-jart-cicapair-calming-gel-cream-80ml
https://yeppeuda.mk/uploads/products/105/md_603bf1fd661f7.jpg,Dr. Jart+ - Ceramidin Cream 50ml,3590,2023-04-27,dr. jart,https://yeppeuda.mk/p/105/dr-jart-ceramidin-cream-50ml
https://yeppeuda.mk/uploads/products/104/md_603bef9fe87f9.jpg,Dr. Jart+ - Cicapair Sleepair Ampoule-In Masк 110ml,2490,2023-04-27,dr. jart,https://yeppeuda.mk/p/104/dr-jart-cicapair-sleepair-ampoule-in-mask-110ml
https://yeppeuda.mk/uploads/products/363/md_642aa02f3e9bb.jpg,STOP Soothing gel after insect bites - 50 ml - Floslek,420,2023-04-27,floslek,https://yeppeuda.mk/p/363/stop-soothing-gel-after-insect-bites-50-ml-floslek
https://yeppeuda.mk/uploads/products/330/md_61c131470a0ca.jpg,Aloe gel for dry skin - 50 ml,420,2023-04-27,floslek,https://yeppeuda.mk/p/330/aloe-gel-for-dry-skin-50-ml
https://yeppeuda.mk/uploads/products/328/md_61c12fd354874.jpg,BALANCE T-ZONE Instant detox 2 in 1 Clay cleanser - 125g,1020,2023-04-27,floslek,https://yeppeuda.mk/p/328/balance-t-zone-instant-detox-2-in-1-clay-cleanser-125g
https://yeppeuda.mk/uploads/products/327/md_61c12f2ee206f.jpg,ANTI ACNE Concealing cover stick ivory,420,2023-04-27,floslek,https://yeppeuda.mk/p/327/anti-acne-concealing-cover-stick-ivory
https://yeppeuda.mk/uploads/products/326/md_61c12e18657e4.jpg,Lid & under eye serum with eyebright and caffeine - 15 ml,520,2023-04-27,floslek,https://yeppeuda.mk/p/326/lid-under-eye-serum-with-eyebright-and-caffeine-15-ml
https://yeppeuda.mk/uploads/products/325/md_61c12d96813ac.jpg,Lid and under eye gel with eyebright and green tea for discomfort - 10g,420,2023-04-27,floslek,https://yeppeuda.mk/p/325/lid-and-under-eye-gel-with-eyebright-and-green-tea-for-discomfort-10g
https://yeppeuda.mk/uploads/products/324/md_61c12cf9c8e4a.jpg,WHITE & BEAUTY® Day cream Anti-aging against discolourations SPF 30 - 30 ml,790,2023-04-27,floslek,https://yeppeuda.mk/p/324/white-beauty-day-cream-anti-aging-against-discolourations-spf-30-30-ml
https://yeppeuda.mk/uploads/products/323/md_61c12c36ce3c1.jpg,Mild face cleasing gel for sensitive skin - 150 ml,620,2023-04-27,floslek,https://yeppeuda.mk/p/323/mild-face-cleasing-gel-for-sensitive-skin-150-ml
https://yeppeuda.mk/uploads/products/322/md_61c1364864cf7.jpg,DERMO EXPERT® ANTI ACNE Normalizing acid peel night care - 30 ml,999,2023-04-27,floslek,https://yeppeuda.mk/p/322/dermo-expert-anti-acne-normalizing-acid-peel-night-care-30-ml
https://yeppeuda.mk/uploads/products/321/md_61c12aa3707f2.jpg,"ARNICA® Gel Forte dilated capillaries, bruising, swelling and oedema - 50 ml",599,2023-04-27,floslek,https://yeppeuda.mk/p/321/arnica-gel-forte-dilated-capillaries-bruising-swelling-and-oedema-50-ml
https://yeppeuda.mk/uploads/products/320/md_61c136565f404.jpg,ARNICA® Eye arnica cream - 30 ml,720,2023-04-27,floslek,https://yeppeuda.mk/p/320/arnica-eye-arnica-cream-30-ml
https://yeppeuda.mk/uploads/products/318/md_61c1292e797f6.jpg,SUN CARE Sun Protection Tinted Cream SPF 50+ dry and sensitive skin - 50 ml,999,2023-04-27,floslek,https://yeppeuda.mk/p/318/sun-care-sun-protection-tinted-cream-spf-50-dry-and-sensitive-skin-50-ml
https://yeppeuda.mk/uploads/products/317/md_61c128cd80786.jpg,· SUN CARE Anti-Wrinkle Protective Cream SPF 30 - 30 ml – Floslek,999,2023-04-27,floslek,https://yeppeuda.mk/p/317/sun-care-anti-wrinkle-protective-cream-spf-30-30-ml-floslek
https://yeppeuda.mk/uploads/products/314/md_61c12693ac40f.jpg,SKIN CARE EXPERT® ALL-DAY BB Multi-task cream 5 in 1 - 50 ml SPF 15,890,2023-04-27,floslek,https://yeppeuda.mk/p/314/skin-care-expert-all-day-bb-multi-task-cream-5-in-1-50-ml-spf-15
https://yeppeuda.mk/uploads/products/313/md_61c125f4d8a49.jpg,CAPILLARIES pro® Cleansing lotion - 200 ml – Floslek,660,2023-04-27,floslek,https://yeppeuda.mk/p/313/capillaries-pro-cleansing-lotion-200-ml-floslek
https://yeppeuda.mk/uploads/products/312/md_61c1255652125.jpg,CAPILLARIES pro® Cleansing gel - 200 ml,660,2023-04-27,floslek,https://yeppeuda.mk/p/312/capillaries-pro-cleansing-gel-200-ml
https://yeppeuda.mk/uploads/products/309/md_61c13706ed83a.jpg,DERMO EXPERT® WHITE & BEAUTY® Lightening acid peel night care - 30 ml,999,2023-04-27,floslek,https://yeppeuda.mk/p/309/dermo-expert-white-beauty-lightening-acid-peel-night-care-30-ml
https://yeppeuda.mk/uploads/products/306/md_61c120957f823.jpg,WINTER CARE Winter sun cream SPF 50+ - 30 ml,660,2023-04-27,floslek,https://yeppeuda.mk/p/306/winter-care-winter-sun-cream-spf-50-30-ml
https://yeppeuda.mk/uploads/products/31/md_5ffdb701ba44c.jpg,Laneige Lip Sleeping Mask Berry 20gr,1070,2023-04-27,laneige,https://yeppeuda.mk/p/31/laneige-lip-sleeping-mask-berry-20gr
https://yeppeuda.mk/uploads/products/456/md_63eb6eee5585c.jpg,All Clean Balm Mandarin 50ml,690,2023-04-27,heimish,https://yeppeuda.mk/p/456/all-clean-balm-mandarin-50ml
https://yeppeuda.mk/uploads/products/435/md_63dcca39e13af.jpg,Moringa Ceramide BB Cream SPF 30 PA++ Light-Medium,1190,2023-04-27,heimish,https://yeppeuda.mk/p/435/moringa-ceramide-bb-cream-spf-30-pa-light-medium
https://yeppeuda.mk/uploads/products/357/md_627e562036038.jpg,HEIMISH MАTCHA BIOME AMINO ACNE CLEANSING FOAM,1000,2023-04-27,heimish,https://yeppeuda.mk/p/357/heimish-matcha-biome-amino-acne-cleansing-foam
https://yeppeuda.mk/uploads/products/146/md_608be191cac93.jpg,Heimish KIT,799,2023-04-27,heimish,https://yeppeuda.mk/p/146/heimish-kit
https://yeppeuda.mk/uploads/products/91/md_601b40940b117.jpg,All Clean Green Foam pH 5.5 150gr,665,2023-04-27,heimish,https://yeppeuda.mk/p/91/all-clean-green-foam-ph-55-150gr
https://yeppeuda.mk/uploads/products/90/md_601b40398d58b.jpg,All Clean White Clay Foam 150gr,665,2023-04-27,heimish,https://yeppeuda.mk/p/90/all-clean-white-clay-foam-150gr
https://yeppeuda.mk/uploads/products/58/md_5ffedb603305e.jpg,ARTLESS GLOW BASE SPF50+ PA+++,1220,2023-04-27,heimish,https://yeppeuda.mk/p/58/artless-glow-base-spf50-pa
https://yeppeuda.mk/uploads/products/57/md_5ffeda94e46f9.jpg,Marine Eye Cream 30ml,1996,2023-04-27,heimish,https://yeppeuda.mk/p/57/marine-eye-cream-30ml
https://yeppeuda.mk/uploads/products/175/md_60d7c20faf739.png,Haruharu WONDER - Black Bamboo Mist MINI,620,2023-04-27,haruharu,https://yeppeuda.mk/p/175/haruharu-wonder-black-bamboo-mist-mini
https://yeppeuda.mk/uploads/products/174/md_60d7c0421825a.png,Haruharu WONDER - Black Rice Facial Oil MINI,690,2023-04-27,haruharu,https://yeppeuda.mk/p/174/haruharu-wonder-black-rice-facial-oil-mini
https://yeppeuda.mk/uploads/products/173/md_60d7bd23e5428.png,Haruharu WONDER - Black Rice Hyaluronic Cream MINI,890,2023-04-27,haruharu,https://yeppeuda.mk/p/173/haruharu-wonder-black-rice-hyaluronic-cream-mini
https://yeppeuda.mk/uploads/products/172/md_60d7b8a3a443d.jpg,Haruharu WONDER - Black Rice Hyaluronic Toner MINI,420,2023-04-27,haruharu,https://yeppeuda.mk/p/172/haruharu-wonder-black-rice-hyaluronic-toner-mini
https://yeppeuda.mk/uploads/products/176/md_60f76c45a7815.png,NEOGEN - Dermalogy Bio-peel Gauze Peeling Wine,690,2023-04-27,neogen,https://yeppeuda.mk/p/176/neogen-dermalogy-bio-peel-gauze-peeling-wine
https://yeppeuda.mk/uploads/products/449/md_63e0bb480c5a8.png,Beauty Of Joseon Revive Eye Serum : Ginseng + Retinal 30ml,950,2023-04-27,beauty of joseon,https://yeppeuda.mk/p/449/beauty-of-joseon-revive-eye-serum-ginseng-retinal-30ml
https://yeppeuda.mk/uploads/products/448/md_63e0bad7d6f88.jpg,Radiance Cleansing Balm,1190,2023-04-27,beauty of joseon,https://yeppeuda.mk/p/448/radiance-cleansing-balm
https://yeppeuda.mk/uploads/products/348/md_627e46cd5785a.jpg,BEAUTY OF JOSEON SUN: RICE + PROBIOTICS SPF50+ PA++++ 50ML,1190,2023-04-27,beauty of joseon,https://yeppeuda.mk/p/348/beauty-of-joseon-sun-rice-probiotics-spf50-pa-50ml
https://yeppeuda.mk/uploads/products/140/md_608bc886d97cc.png,Ginseng Essence Water Beauty of Joseon 150ml,1290,2023-04-27,beauty of joseon,https://yeppeuda.mk/p/140/ginseng-essence-water-beauty-of-joseon-150ml
https://yeppeuda.mk/uploads/products/120/md_606dbded3875c.jpg,Centella Asiatica Calming Mask,240,2023-04-27,beauty of joseon,https://yeppeuda.mk/p/120/centella-asiatica-calming-mask
https://yeppeuda.mk/uploads/products/30/md_5ffdb62cd572f.jpg,Bubble Toner : Green Plum + AHA,1160,2023-04-27,beauty of joseon,https://yeppeuda.mk/p/30/bubble-toner-green-plum-aha
https://yeppeuda.mk/uploads/products/28/md_5ffdb4ff34129.jpg,Glow Serum : Propolis+Niacinamide 30ml,990,2023-04-27,beauty of joseon,https://yeppeuda.mk/p/28/glow-serum-propolisniacinamide-30ml
https://yeppeuda.mk/uploads/products/27/md_5ffdb471ac29e.jpg,Repair Serum - Ginseng + Snail Mucin,990,2023-04-27,beauty of joseon,https://yeppeuda.mk/p/27/repair-serum-ginseng-snail-mucin
https://yeppeuda.mk/uploads/products/53/md_5ffe2821807cb.jpg,SKINRx LAB - MadeCera Sleeping Mask 50ml,1060,2023-04-27,skinrx lab,https://yeppeuda.mk/p/53/skinrx-lab-madecera-sleeping-mask-50ml
https://yeppeuda.mk/uploads/products/354/md_627e52ebc6c2b.jpg,FRUDIA TONE-UP BASE SUN CREAM SPF50+ 50GR,740,2023-04-27,frudia,https://yeppeuda.mk/p/354/frudia-tone-up-base-sun-cream-spf50-50gr
https://yeppeuda.mk/uploads/products/353/md_627e524e340e9.jpg,FRUDIA GREEN GRAPE SEBUM CONTROL COOLING SUN GEL,690,2023-04-27,frudia,https://yeppeuda.mk/p/353/frudia-green-grape-sebum-control-cooling-sun-gel
https://yeppeuda.mk/uploads/products/352/md_627e4e875b36f.jpg,FRUDIA AVOCADO GREENERY RELIEF SUN CREAM 50GR,690,2023-04-27,frudia,https://yeppeuda.mk/p/352/frudia-avocado-greenery-relief-sun-cream-50gr
https://yeppeuda.mk/uploads/products/155/md_608bed0f4b66f.jpg,Frudia My Orchard Mango Hand Cream 30gr,330,2023-04-27,frudia,https://yeppeuda.mk/p/155/frudia-my-orchard-mango-hand-cream-30gr
https://yeppeuda.mk/uploads/products/154/md_608bec9a18edd.jpg,Frudia My Orchard Citron Hand Cream 30gr,330,2023-04-27,frudia,https://yeppeuda.mk/p/154/frudia-my-orchard-citron-hand-cream-30gr
https://yeppeuda.mk/uploads/products/153/md_608bec59153b7.jpg,Frudia My Orchard Dragon Fruit Hand Cream 30gr,330,2023-04-27,frudia,https://yeppeuda.mk/p/153/frudia-my-orchard-dragon-fruit-hand-cream-30gr
https://yeppeuda.mk/uploads/products/118/md_606db865f1352.jpg,A'PIEU - Oily Hair Dry Powder 5gr,490,2023-04-27,apieu,https://yeppeuda.mk/p/118/apieu-oily-hair-dry-powder-5gr
https://yeppeuda.mk/uploads/products/13/md_5ffd790dc3e45.png,APIEU WHITE MILK ONE MILK PACK SHEET MASK,180,2023-04-27,apieu,https://yeppeuda.mk/p/13/apieu-white-milk-one-milk-pack-sheet-mask
https://yeppeuda.mk/uploads/products/434/md_63dcc92f5a540.jpg,COSRX - Low pH Good Morning Gel Cleanser 150ml,790,2023-04-27,cosrx,https://yeppeuda.mk/p/434/cosrx-low-ph-good-morning-gel-cleanser-150ml
https://yeppeuda.mk/uploads/products/350/md_627e4a28dbb44.jpg,COSRX ALOE SOOTHING SUN CREAM 50ML,950,2023-04-27,cosrx,https://yeppeuda.mk/p/350/cosrx-aloe-soothing-sun-cream-50ml
https://yeppeuda.mk/uploads/products/349/md_627e4924af308.jpg,COSRX ACNE PIMPLE MASTER 24 PATCHES,330,2023-04-27,cosrx,https://yeppeuda.mk/p/349/cosrx-acne-pimple-master-24-patches
https://yeppeuda.mk/uploads/products/368/md_62d67fc4d289e.jpg,Coconut Clay Cleansing Foam 150ml Tocobo,750,2023-04-27,tocobo,https://yeppeuda.mk/p/368/coconut-clay-cleansing-foam-150ml-tocobo
https://yeppeuda.mk/uploads/products/367/md_62d67e29b09ae.jpg,Multi Ceramide Cream 50ml Tocobo,1400,2023-04-27,tocobo,https://yeppeuda.mk/p/367/multi-ceramide-cream-50ml-tocobo
https://yeppeuda.mk/uploads/products/366/md_62d67bd46e556.png,TOCOBO - AHA BHA Lemon Toner,1060,2023-04-27,tocobo,https://yeppeuda.mk/p/366/tocobo-aha-bha-lemon-toner
https://yeppeuda.mk/uploads/products/361/md_627e5903bcdcf.jpg,TOCOBO COTTON SOFT SUN STICK SPF50+ PA+++,1190,2023-04-27,tocobo,https://yeppeuda.mk/p/361/tocobo-cotton-soft-sun-stick-spf50-pa
https://yeppeuda.mk/uploads/products/360/md_627e58261c9ea.jpg,TOCOBO BIO WATERY SUN CREAM SPF50+ PA+++,1190,2023-04-27,tocobo,https://yeppeuda.mk/p/360/tocobo-bio-watery-sun-cream-spf50-pa
https://yeppeuda.mk/uploads/products/450/md_63e0bbae96bec.jpg,I'm Vegan Sun Serum SPF 50+ PA++++,1390,2023-04-27,suntique,https://yeppeuda.mk/p/450/im-vegan-sun-serum-spf-50-pa
https://yeppeuda.mk/uploads/products/438/md_63dccc95a93f7.jpg,I'm Tone Up Multi Base SPF 50+ PA++++,1390,2023-04-27,suntique,https://yeppeuda.mk/p/438/im-tone-up-multi-base-spf-50-pa
https://yeppeuda.mk/uploads/products/437/md_63dccbf3ec0fb.jpg,I'M Aqua Sun Essence SPF50+ PA++++,1390,2023-04-27,suntique,https://yeppeuda.mk/p/437/im-aqua-sun-essence-spf50-pa
https://yeppeuda.mk/uploads/products/364/md_62d677de42dd6.jpeg,I'm Safe For Sensitive Skin Sunscreen SPF35 PA+++,1190,2023-04-27,suntique,https://yeppeuda.mk/p/364/im-safe-for-sensitive-skin-sunscreen-spf35-pa
https://yeppeuda.mk/uploads/products/359/md_627e575f557d3.jpg,I’M PURE PERFECT CICA SUNSCREEN,1290,2023-04-27,suntique,https://yeppeuda.mk/p/359/im-pure-perfect-cica-sunscreen
https://yeppeuda.mk/uploads/products/358/md_627e56ba6eee5.jpg,I’M MEDI 100% ZINC SUN SPF50+ PA++++,1390,2023-04-27,suntique,https://yeppeuda.mk/p/358/im-medi-100-zinc-sun-spf50-pa
